unit,q,n_contracts,n_buyers,n_suppliers,sb_rate,core_buyers,core_suppliers,core_share,sb_core,sb_core_null,p_core,core_ratio
AZUAY,0.8,3167,195,1600,0.28197031891379853,47,571,0.5487843384906852,0.2767548906789413,0.2815512082853855,0.818,0.982964670492259
BOLIVAR,0.8,462,56,328,0.3225108225108225,31,77,0.44372294372294374,0.35609756097560974,0.3177268292682927,0.028,1.120766419995701
CARCHI,0.8,626,64,361,0.31150159744408945,20,117,0.512779552715655,0.3146417445482866,0.32214953271028035,0.718,0.9766947103761725
CAÑAR,0.8,897,70,523,0.21962095875139354,17,165,0.46153846153846156,0.21980676328502416,0.20231884057971017,0.108,1.086437440305635
CHIMBORAZO,0.8,1720,107,953,0.23488372093023255,26,321,0.5424418604651163,0.21221864951768488,0.2267609860664523,0.944,0.9358693186115101
COTOPAXI,0.8,1187,79,698,0.2021903959561921,21,205,0.472620050547599,0.1622103386809269,0.18580748663101604,0.992,0.8730021681152746
EL ORO,0.8,1673,129,967,0.38971906754333535,29,308,0.4393305439330544,0.43673469387755104,0.3769659863945578,0.0,1.158551990471722
ESMERALDAS,0.8,1033,100,650,0.39399806389157793,35,179,0.46369796708615685,0.3862212943632568,0.3763465553235908,0.266,1.0262384201475565
GUAYAS,0.8,7111,309,3520,0.32063000984390383,63,1293,0.48249191393615526,0.2943748178373652,0.30751209559895076,0.992,0.9572788259401709
IMBABURA,0.8,1495,105,890,0.26153846153846155,25,267,0.48762541806020065,0.23182441700960219,0.2589135802469136,0.996,0.8953737258143132
LOJA,0.8,1748,172,965,0.25,50,296,0.5131578947368421,0.2408026755852843,0.24797993311036792,0.784,0.9710571035524505
LOS RIOS,0.8,1231,104,756,0.4427294882209586,32,216,0.48172217709179527,0.45193929173693087,0.4226205733558178,0.008,1.0693736183932263
MANABI,0.8,2781,211,1624,0.4074074074074074,50,506,0.40309241280115066,0.4094558429973238,0.3792613737734166,0.0,1.0796138792714134
MORONA SANTIAGO,0.8,903,73,546,0.3698781838316722,16,166,0.4407530454042082,0.3743718592964824,0.3722261306532663,0.464,1.0057645835864621
NAPO,0.8,678,54,437,0.3687315634218289,18,123,0.4365781710914454,0.42905405405405406,0.37892567567567575,0.006,1.1322907936734363
ORELLANA,0.8,810,59,517,0.3395061728395062,15,141,0.4506172839506173,0.3643835616438356,0.3406301369863014,0.08,1.0697337730234053
PASTAZA,0.8,579,47,359,0.29533678756476683,10,108,0.34024179620034545,0.3096446700507614,0.3055634517766498,0.454,1.0133563691939662
PICHINCHA,0.8,12094,480,4368,0.2684802381346122,106,1094,0.5124855300148834,0.25734107776702164,0.2725876089060987,1.0,0.9440674093724885
SUCUMBIOS,0.8,1116,73,676,0.3118279569892473,41,218,0.5385304659498208,0.3261231281198003,0.3125823627287853,0.136,1.043319032055445
TUNGURAHUA,0.8,1355,91,829,0.21033210332103322,22,248,0.4487084870848708,0.21710526315789475,0.2143388157894737,0.428,1.0129068893015547
ZAMORA CHINCHIPE,0.8,689,62,402,0.3381712626995646,21,124,0.48040638606676345,0.3413897280966767,0.32964954682779457,0.272,1.035614128342834
AZUAY,0.85,3167,195,1600,0.28197031891379853,47,268,0.40637827597095044,0.2851592851592852,0.2788158508158508,0.226,1.0227513404452173
BOLIVAR,0.85,462,56,328,0.3225108225108225,11,77,0.2857142857142857,0.3787878787878788,0.3331060606060606,0.052,1.137138958380714
CARCHI,0.85,626,64,361,0.31150159744408945,11,117,0.4057507987220447,0.3188976377952756,0.3152834645669292,0.48,1.011463250168577
CAÑAR,0.85,897,70,523,0.21962095875139354,17,165,0.46153846153846156,0.21980676328502416,0.20231884057971017,0.108,1.086437440305635
CHIMBORAZO,0.85,1720,107,953,0.23488372093023255,19,321,0.47790697674418603,0.20802919708029197,0.2278345498783455,0.982,0.9130713370354548
COTOPAXI,0.85,1187,79,698,0.2021903959561921,21,205,0.472620050547599,0.1622103386809269,0.18580748663101604,0.992,0.8730021681152746
EL ORO,0.85,1673,129,967,0.38971906754333535,29,308,0.4393305439330544,0.43673469387755104,0.3769659863945578,0.0,1.158551990471722
ESMERALDAS,0.85,1033,100,650,0.39399806389157793,19,179,0.33494675701839305,0.3699421965317919,0.3603121387283237,0.33,1.0267269868771456
GUAYAS,0.85,7111,309,3520,0.32063000984390383,63,652,0.3687245113204894,0.30587337909992374,0.3034912280701755,0.374,1.0078491594135874
IMBABURA,0.85,1495,105,890,0.26153846153846155,25,267,0.48762541806020065,0.23182441700960219,0.2589135802469136,0.996,0.8953737258143132
LOJA,0.85,1748,172,965,0.25,29,296,0.44450800915331806,0.23552123552123552,0.25247619047619047,0.95,0.9328453311855802
LOS RIOS,0.85,1231,104,756,0.4427294882209586,19,216,0.3834281072298944,0.4194915254237288,0.3971059322033898,0.072,1.0563718428886968
MANABI,0.85,2781,211,1624,0.4074074074074074,50,506,0.40309241280115066,0.4094558429973238,0.3792613737734166,0.0,1.0796138792714134
MORONA SANTIAGO,0.85,903,73,546,0.3698781838316722,16,166,0.4407530454042082,0.3743718592964824,0.3722261306532663,0.464,1.0057645835864621
NAPO,0.85,678,54,437,0.3687315634218289,9,123,0.35103244837758113,0.41596638655462187,0.358546218487395,0.004,1.1601471863501067
ORELLANA,0.85,810,59,517,0.3395061728395062,15,141,0.4506172839506173,0.3643835616438356,0.3406301369863014,0.08,1.0697337730234053
PASTAZA,0.85,579,47,359,0.29533678756476683,10,108,0.34024179620034545,0.3096446700507614,0.3055634517766498,0.454,1.0133563691939662
PICHINCHA,0.85,12094,480,4368,0.2684802381346122,106,745,0.4498098230527534,0.2584558823529412,0.27483566176470586,1.0,0.9404015501242055
SUCUMBIOS,0.85,1116,73,676,0.3118279569892473,13,218,0.3521505376344086,0.2875318066157761,0.30054452926208647,0.8,0.9567028464026281
TUNGURAHUA,0.85,1355,91,829,0.21033210332103322,22,248,0.4487084870848708,0.21710526315789475,0.2143388157894737,0.428,1.0129068893015547
ZAMORA CHINCHIPE,0.85,689,62,402,0.3381712626995646,10,124,0.3134978229317852,0.3287037037037037,0.3222499999999999,0.428,1.0200270091658767
AZUAY,0.9,3167,195,1600,0.28197031891379853,29,268,0.35775181559835806,0.2797881729920565,0.2802630185348632,0.518,0.9983057145916395
BOLIVAR,0.9,462,56,328,0.3225108225108225,6,77,0.19696969696969696,0.4065934065934066,0.3301318681318681,0.026,1.2316090806204647
CARCHI,0.9,626,64,361,0.31150159744408945,11,54,0.28753993610223644,0.38333333333333336,0.32214444444444446,0.006,1.1899423998896286
CAÑAR,0.9,897,70,523,0.21962095875139354,10,65,0.21739130434782608,0.19487179487179487,0.20935384615384617,0.782,0.9308250048990789
CHIMBORAZO,0.9,1720,107,953,0.23488372093023255,19,128,0.31627906976744186,0.21875,0.22446323529411766,0.684,0.9745471222196743
COTOPAXI,0.9,1187,79,698,0.2021903959561921,10,91,0.2493681550126369,0.17905405405405406,0.17743918918918916,0.512,1.0091009481740987
EL ORO,0.9,1673,129,967,0.38971906754333535,18,128,0.2319187089061566,0.5051546391752577,0.38157731958762886,0.0,1.3238591846108123
ESMERALDAS,0.9,1033,100,650,0.39399806389157793,19,68,0.20232333010648595,0.40669856459330145,0.36844019138755985,0.07,1.1038387616227727
GUAYAS,0.9,7111,309,3520,0.32063000984390383,34,652,0.2809731402053157,0.3113113113113113,0.293930930930931,0.008,1.0591308316050088
IMBABURA,0.9,1495,105,890,0.26153846153846155,12,119,0.23812709030100335,0.21067415730337077,0.2306685393258427,0.892,0.9133198567914464
LOJA,0.9,1748,172,965,0.25,29,124,0.30549199084668194,0.2247191011235955,0.25473408239700374,0.982,0.8821713176698915
LOS RIOS,0.9,1231,104,756,0.4427294882209586,15,79,0.21121039805036557,0.3769230769230769,0.34203846153846157,0.058,1.1019903294726188
MANABI,0.9,2781,211,1624,0.4074074074074074,26,193,0.20783890686803308,0.4342560553633218,0.3606089965397924,0.0,1.2042296768250556
MORONA SANTIAGO,0.9,903,73,546,0.3698781838316722,16,68,0.27906976744186046,0.376984126984127,0.3676904761904761,0.384,1.0252757452135812
NAPO,0.9,678,54,437,0.3687315634218289,9,123,0.35103244837758113,0.41596638655462187,0.358546218487395,0.004,1.1601471863501067
ORELLANA,0.9,810,59,517,0.3395061728395062,6,141,0.32469135802469135,0.34600760456273766,0.3281368821292776,0.238,1.0544611819235226
PASTAZA,0.9,579,47,359,0.29533678756476683,10,42,0.22107081174438686,0.3359375,0.3048125,0.182,1.1021119540701252
PICHINCHA,0.9,12094,480,4368,0.2684802381346122,59,520,0.337605424177278,0.2676953220671075,0.27493705608621116,0.95,0.9736603929561504
SUCUMBIOS,0.9,1116,73,676,0.3118279569892473,13,87,0.20878136200716846,0.2918454935622318,0.28838626609442064,0.484,1.0119951186117808
TUNGURAHUA,0.9,1355,91,829,0.21033210332103322,13,95,0.21697416974169742,0.22789115646258504,0.2094285714285714,0.174,1.0881569544598195
ZAMORA CHINCHIPE,0.9,689,62,402,0.3381712626995646,10,44,0.20029027576197386,0.2463768115942029,0.2878695652173913,0.944,0.855862659215627
AZUAY,0.95,3167,195,1600,0.28197031891379853,13,129,0.21218819071676664,0.29017857142857145,0.2826666666666666,0.306,1.0265751347708898
BOLIVAR,0.95,462,56,328,0.3225108225108225,6,20,0.12121212121212122,0.48214285714285715,0.36307142857142854,0.01,1.3279559315364944
CARCHI,0.95,626,64,361,0.31150159744408945,5,26,0.12779552715654952,0.3625,0.3165,0.16,1.1453396524486572
CAÑAR,0.95,897,70,523,0.21962095875139354,10,31,0.1616499442586399,0.20689655172413793,0.20606896551724135,0.548,1.0040160642570282
CHIMBORAZO,0.95,1720,107,953,0.23488372093023255,8,71,0.16686046511627908,0.23693379790940766,0.23087804878048782,0.41,1.0262292113126679
COTOPAXI,0.95,1187,79,698,0.2021903959561921,4,45,0.10446503791069923,0.20161290322580644,0.16961290322580644,0.164,1.1886648915937619
EL ORO,0.95,1673,129,967,0.38971906754333535,18,60,0.1661685594739988,0.5287769784172662,0.37979856115107913,0.0,1.392256402485225
ESMERALDAS,0.95,1033,100,650,0.39399806389157793,19,68,0.20232333010648595,0.40669856459330145,0.36844019138755985,0.07,1.1038387616227727
GUAYAS,0.95,7111,309,3520,0.32063000984390383,27,196,0.16987765433834903,0.36423841059602646,0.2895496688741722,0.0,1.2579479438269061
IMBABURA,0.95,1495,105,890,0.26153846153846155,12,62,0.16521739130434782,0.21862348178137653,0.23524696356275301,0.802,0.9293360410284653
LOJA,0.95,1748,172,965,0.25,12,61,0.14931350114416475,0.2260536398467433,0.25842145593869736,0.938,0.8747479539793617
LOS RIOS,0.95,1231,104,756,0.4427294882209586,9,79,0.13403736799350122,0.30303030303030304,0.2850787878787879,0.292,1.062970364386241
MANABI,0.95,2781,211,1624,0.4074074074074074,26,92,0.15282272563825963,0.4235294117647059,0.34928941176470585,0.0,1.212545807286053
MORONA SANTIAGO,0.95,903,73,546,0.3698781838316722,7,32,0.12846068660022147,0.31896551724137934,0.3695689655172414,0.924,0.8630744110100304
NAPO,0.95,678,54,437,0.3687315634218289,4,43,0.11946902654867257,0.5185185185185185,0.36708641975308637,0.0,1.412524382861371
ORELLANA,0.95,810,59,517,0.3395061728395062,6,44,0.1925925925925926,0.33974358974358976,0.32056410256410256,0.288,1.059830427131659
PASTAZA,0.95,579,47,359,0.29533678756476683,3,42,0.07253886010362694,0.35714285714285715,0.24785714285714283,0.056,1.4409221902017293
PICHINCHA,0.95,12094,480,4368,0.2684802381346122,28,239,0.21771126178270217,0.29699962020508924,0.27843676414736046,0.0,1.0666681216274463
SUCUMBIOS,0.95,1116,73,676,0.3118279569892473,6,87,0.15681003584229392,0.30857142857142855,0.2765257142857142,0.178,1.1158869234584232
TUNGURAHUA,0.95,1355,91,829,0.21033210332103322,13,95,0.21697416974169742,0.22789115646258504,0.2094285714285714,0.174,1.0881569544598195
ZAMORA CHINCHIPE,0.95,689,62,402,0.3381712626995646,6,44,0.14804063860667635,0.22549019607843138,0.2790392156862745,0.944,0.8080950038648023
