year,rule,n_contracts,n_buyers,n_suppliers,sb_rate,core_buyers,core_suppliers,core_share,sb_core,sb_core_null,p_core,core_ratio
2015,paper,7209,1477,4366,0.3825773338881953,35,81,0.06297683451241504,0.3722466960352423,0.34659911894273127,0.105,1.0739978138742725
2015,q,7209,1477,4366,0.3825773338881953,222,1043,0.3327784713552504,0.3418090871196332,0.35569528970404335,0.973,0.960960397884481
2016,paper,10312,1693,4824,0.3386346004654771,41,162,0.13363072148952676,0.36792452830188677,0.3242880986937591,0.0,1.1345606878078363
2016,q,10312,1693,4824,0.3386346004654771,190,645,0.30440263770364623,0.30487416374641607,0.3125772539025167,0.916,0.9753562037546628
2017,paper,2790,951,1994,0.31218637992831544,22,30,0.04874551971326165,0.4338235294117647,0.2798529411764705,0.0,1.550183920126117
2017,q,2790,951,1994,0.31218637992831544,198,290,0.2810035842293907,0.29846938775510207,0.286359693877551,0.164,1.0422884020917038
2018,paper,467,281,417,0.3490364025695932,11,1,0.008565310492505354,1.0,0.76225,0.315,1.3119055428009183
2018,q,467,281,417,0.3490364025695932,281,417,1.0,0.3490364025695932,0.3490364025695933,1.0,0.9999999999999997
2019,paper,10917,1791,5706,0.2568471191719337,36,257,0.09682147110011909,0.2639545884578997,0.23200094607379376,0.002,1.1377306555204403
2019,q,10917,1791,5706,0.2568471191719337,191,634,0.24603828890720894,0.22449739389426657,0.2354981384959047,0.964,0.9532873394588236
2020,paper,9127,1536,4661,0.2589021584310288,51,212,0.13345020269529967,0.2939244663382594,0.2594630541871921,0.0,1.1328181858454682
2020,q,9127,1536,4661,0.2589021584310288,168,489,0.2552865125451956,0.25236051502145923,0.2532673819742489,0.573,0.996419329857163
2021,paper,5457,1269,3217,0.2801905809052593,36,71,0.07165109034267912,0.27877237851662406,0.2582020460358056,0.15,1.079667581247462
2021,q,5457,1269,3217,0.2801905809052593,160,680,0.28312259483232544,0.2517799352750809,0.2609171521035598,0.892,0.9649803903085211
