year,strata,modularity,n_comm,cv_obs,cv_null,clust_ratio,p_clust,clust_ratio_min,clust_ratio_max
2015,cpc2,0.8943923505183771,524.0,0.4843593450036612,0.36155271735079914,1.339890258612624,0.0,1.3226230938057137,1.3485701409695576
2015,stratum,0.8943923505183771,524.0,0.4843593450036612,0.39197551206243364,1.2376379562921587,0.0,1.2249762355630591,1.24216621881445
2016,cpc2,0.8642677331725912,383.0,0.403007911193598,0.289186020795546,1.3936375011901734,0.0,1.3578132659593998,1.4052857047623635
2016,stratum,0.8642677331725912,383.0,0.403007911193598,0.32477111988852275,1.2454091040235498,0.0,1.2167424631357129,1.2524520980312932
2017,cpc2,0.9183733852883147,520.5,0.8147488395983914,0.667769522618951,1.2186877523375452,0.0,1.2157745022964794,1.2287124297214531
2017,stratum,0.9183733852883147,520.5,0.8147488395983914,0.6982642385112328,1.1662129322727477,0.0,1.1621138009903647,1.1774622222795952
2018,cpc2,0.9598114429554873,244.0,1.0891046576502088,1.0088443153655673,1.0795567175848715,0.0,1.0795567175848715,1.0795567175848715
2018,stratum,0.9598114429554873,244.0,1.0891046576502088,1.0343530907616856,1.052933149596145,0.003,1.052933149596145,1.052933149596145
2019,cpc2,0.8814676486167453,460.5,0.5084513246253959,0.36747621296043953,1.3871355243557577,0.0,1.3569888938502048,1.4188582977516744
2019,stratum,0.8814676486167453,460.5,0.5084513246253959,0.4170296032174516,1.2221608747101074,0.0,1.1837381192201148,1.2360298190990615
2020,cpc2,0.8649155912227048,370.0,0.46156202051089906,0.3552641403162098,1.2980508489753606,0.0,1.2844609044253492,1.3178207549002947
2020,stratum,0.8649155912227048,370.0,0.46156202051089906,0.398890426774811,1.1544595117390068,0.0,1.1391575691067686,1.1755135786163242
2021,cpc2,0.8744353095082952,422.0,0.5683387075659747,0.45464569533802723,1.2501203959465528,0.0,1.2383308993843947,1.2716319355108099
2021,stratum,0.8744353095082952,422.0,0.5683387075659747,0.48935376877816056,1.1616261639405172,0.0,1.147771960167165,1.1825770693229383
