province,density,local_share,n_contracts,n_buyers,n_suppliers,sb_rate,core_buyers,core_suppliers,core_share,sb_core,sb_core_null,p_core,core_ratio,core_ratio_strat,p_core_strat,modularity,n_comm,cv_obs,cv_null,clust_ratio,p_clust,clust_ratio_min,clust_ratio_max,clust_ratio_strat,p_clust_strat,core_ratio_sie,p_core_sie,sb_sie
AZUAY,0.007432692307692308,0.5134196400378908,3167,195,1600,0.28197031891379853,29,268,0.35775181559835806,0.2797881729920565,0.2798428949691086,0.512,0.9998044546492484,1.034801314883185,0.142,0.8093106201094322,46.0,0.36145286672022314,0.24960267448528894,1.4554570781915281,0.0,1.4110545584379823,1.4835954441977828,1.2952197247671133,0.0,1.1251438034917385,0.009,0.2335800185013876
BOLIVAR,0.021668118466898954,0.2943722943722944,462,56,328,0.3225108225108225,6,77,0.19696969696969696,0.4065934065934066,0.3313956043956044,0.023,1.2269124912955534,1.2026262757589548,0.035,0.8514073460400325,38.0,0.4397510491888356,0.45645645640187194,0.9634019697196953,0.688,0.9354017685561072,0.9925781650115211,0.9528631111422647,0.765,1.1829652996845428,0.06,0.24752475247524752
CARCHI,0.020689058171745153,0.4728434504792332,626,64,361,0.31150159744408945,11,54,0.28753993610223644,0.38333333333333336,0.3227111111111111,0.012,1.1878529128219255,1.2013998920481257,0.007,0.7397202093084899,30.0,0.5204510226899819,0.36631101903046215,1.420789972596215,0.0,1.391006312802308,1.4235072592021232,1.379226627370471,0.0,1.0233552407158937,0.43,0.2852941176470588
CAÑAR,0.019038514067194756,0.411371237458194,897,70,523,0.21962095875139354,10,65,0.21739130434782608,0.19487179487179487,0.20907179487179492,0.771,0.9320807476268732,0.9630981346309813,0.68,0.8274067752184349,30.0,0.50506200525733,0.45178406908461755,1.127947000721838,0.07100000000000001,1.1114928904029886,1.1800568507642857,1.0607323432968103,0.2025,0.9335822886102959,0.757,0.22012578616352202
CHIMBORAZO,0.013003697129576056,0.4517441860465116,1720,107,953,0.23488372093023255,19,128,0.31627906976744186,0.21875,0.22513419117647057,0.712,0.9716427294179126,1.0079620531932916,0.459,0.8813581389702536,38.0,0.34854507187685546,0.28185032103058416,1.237162741056983,0.0155,1.2017117265073176,1.3872349706664562,0.996408321605502,0.5085,1.0532492740103219,0.294,0.18697829716193656
COTOPAXI,0.016811142142105835,0.5054759898904801,1187,79,698,0.2021903959561921,10,91,0.2493681550126369,0.17905405405405406,0.17734121621621624,0.506,1.0096584306478957,1.079913606911447,0.23,0.8250928392614986,33.0,0.4783359428997736,0.3688063937198902,1.2981851595840013,0.0035,1.2375143663286283,1.314668651103093,1.1503375118330053,0.049,1.0509721492380453,0.352,0.17246376811594202
EL ORO,0.01071001980071026,0.48894202032277345,1673,129,967,0.38971906754333535,18,128,0.2319187089061566,0.5051546391752577,0.38111340206185573,0.0,1.3254706773425662,1.1172037984929146,0.001,0.911059277918698,55.0,0.5364979549852534,0.26878346183530566,1.9951370767253924,0.0,1.9329009970405118,2.039800063942003,1.0857277859358816,0.004,1.4248163706487826,0.0,0.24573055028462998
ESMERALDAS,0.013646153846153846,0.4666021297192643,1033,100,650,0.39399806389157793,19,68,0.20232333010648595,0.40669856459330145,0.3688468899521531,0.084,1.1026216451114945,1.1254253445787599,0.038,0.876952689943956,44.0,0.4886741929904973,0.34877873693769484,1.3993150990501828,0.0,1.3734189407738318,1.4199575904808663,1.2227590745234937,0.0,1.021624382768602,0.466,0.25236593059936907
GUAYAS,0.0050345689908796705,0.6911826747292926,7111,309,3520,0.32063000984390383,34,652,0.2809731402053157,0.3113113113113113,0.2941116116116116,0.01,1.0584801790226928,1.1182685894174396,0.0,0.8383002333341378,74.5,0.3955979322021449,0.20444845525226762,1.9463405712851174,0.0,1.9085149198842795,2.0248927252002655,1.518659983243424,0.0,1.3219860534663703,0.0,0.2518342256593298
IMBABURA,0.012776886035313002,0.4361204013377926,1495,105,890,0.26153846153846155,12,119,0.23812709030100335,0.21067415730337077,0.23078932584269662,0.904,0.9128418592762989,0.9544291877171326,0.749,0.8702439118204843,45.0,0.3900320184100231,0.34858356168819704,1.1233372693828407,0.07250000000000001,1.0580908406713647,1.1481417950222126,1.0390465621082292,0.272,0.9097589138878197,0.869,0.21308016877637131
LOJA,0.008464875286179058,0.4610983981693364,1748,172,965,0.25,29,124,0.30549199084668194,0.2247191011235955,0.2548707865168539,0.988,0.8816981506381291,0.9156041843111223,0.945,0.8114522230659713,49.5,0.4307039557464941,0.32260978710658156,1.334563446751841,0.0,1.277332227166752,1.3799158650122296,1.299116911476785,0.0,0.882131927730525,0.962,0.236985236985237
LOS RIOS,0.01271876271876272,0.4744110479285134,1231,104,756,0.4427294882209586,15,79,0.21121039805036557,0.3769230769230769,0.3430115384615384,0.073,1.0988641332989473,1.1287461703254937,0.018,0.8702338589573259,53.0,0.4866647102651231,0.37018371343341255,1.3146572704438084,0.0,1.3146572704438084,1.3146572704438084,1.1422567419977825,0.0,1.2251741036884187,0.033,0.21911764705882353
MANABI,0.0066537482781967175,0.5807263574253866,2781,211,1624,0.4074074074074074,26,193,0.20783890686803308,0.4342560553633218,0.3612249134948097,0.0,1.2021763702894803,1.1614670578327302,0.0,0.8373146268330037,76.0,0.38224151750601865,0.2615763172085799,1.4590834959612702,0.0,1.4302975856093683,1.480655666543611,1.2283811033749275,0.0,1.1690269388927061,0.005,0.2685977616853193
MORONA SANTIAGO,0.01763761352802449,0.5769656699889258,903,73,546,0.3698781838316722,16,68,0.27906976744186046,0.376984126984127,0.36792857142857144,0.379,1.0246122651480833,1.042844440541401,0.284,0.8612226821985205,37.0,0.42088636925017864,0.28235937746028583,1.4906052458249834,0.0,1.4906052458249834,1.5743322826008204,1.3608112591143011,0.0,1.0781589297374454,0.12,0.3218884120171674
NAPO,0.023307059920332232,0.48672566371681414,678,54,437,0.3687315634218289,9,123,0.35103244837758113,0.41596638655462187,0.3587352941176471,0.003,1.1595357172138347,1.1168898566093932,0.017,0.7795251733745483,27.0,0.41539934785686955,0.3299334872478513,1.2590396668187092,0.006,1.2263064114499949,1.2590396668187092,1.1232284245433173,0.047,1.16424352567015,0.064,0.23809523809523808
ORELLANA,0.020227518604727403,0.4962962962962963,810,59,517,0.3395061728395062,6,141,0.32469135802469135,0.34600760456273766,0.3284030418250951,0.235,1.0536065763575315,1.0857115586522859,0.11,0.7453276069154036,27.0,0.30769037702904983,0.25966720501097496,1.18494122897054,0.051,1.1825558982958353,1.18494122897054,1.1361716718720085,0.124,1.03009986730917,0.378,0.26554621848739496
PASTAZA,0.027736620636519885,0.46459412780656306,579,47,359,0.29533678756476683,10,42,0.22107081174438686,0.3359375,0.3041796875,0.178,1.1044047771927572,1.105029167630355,0.157,0.8177538526280351,25.0,0.5845823395146272,0.36507984163852336,1.6012451876032092,0.0,1.6012451876032092,1.6012451876032092,1.2051902429160826,0.003,1.3906658508093674,0.006,0.2552552552552553
PICHINCHA,0.004205299908424908,0.7442533487679841,12094,480,4368,0.2684802381346122,59,520,0.337605424177278,0.2676953220671075,0.2751956894440363,0.959,0.9727453311784011,1.0326469490620673,0.019,0.8641465877991189,69.0,0.3108526603188561,0.18181668128211576,1.7004865276371557,0.0,1.6538700409992768,1.7589463921037443,1.4843390427764214,0.0,1.0487334356595948,0.004,0.22517923093634587
SUCUMBIOS,0.018278349679824918,0.6254480286738351,1116,73,676,0.3118279569892473,13,87,0.20878136200716846,0.2918454935622318,0.28912017167381976,0.493,1.0094262599272619,1.0269266200522527,0.406,0.7639423455139084,23.0,0.35219343565892763,0.2585512739377726,1.3616475390936935,0.002,1.319526305680497,1.3905843154153816,1.2177579812703352,0.01,0.9890730972117557,0.602,0.19642857142857142
TUNGURAHUA,0.015058524105568738,0.385239852398524,1355,91,829,0.21033210332103322,13,95,0.21697416974169742,0.22789115646258504,0.20893197278911566,0.173,1.090743333441865,1.1495830616656946,0.071,0.7814100131267924,35.5,0.43031481557944207,0.33393025514863284,1.2890650888399642,0.003,1.2419048485455242,1.3119534377033844,1.1617623343191852,0.027999999999999997,1.2620638455827766,0.003,0.18984547461368653
ZAMORA CHINCHIPE,0.02234793773070133,0.5268505079825835,689,62,402,0.3381712626995646,10,44,0.20029027576197386,0.2463768115942029,0.28789130434782606,0.943,0.8557980316645273,0.8855781001745109,0.908,0.8379794938071295,28.5,0.42362121737829833,0.30753984646992283,1.3677247890628519,0.0,1.3486968581704533,1.3959132477583027,1.324514094918491,0.0005,0.7023951675212474,0.967,0.25874125874125875
